is_sighting,month,season,region_id,coord_bin,lat,lon,recent_sightings,days_since_last_sighting,id
0,7,Summer,6,"(48.67, 14.5)",48.56510208988605,14.576262751410491,1,15,1
0,5,Spring,8,"(48.33, 14.25)",48.44682761445408,14.169868087064525,2,2,2
1,11,Fall,4,"(48.0, 14.0)",48.08877944946289,13.904650688171387,2,11,3
1,7,Summer,7,"(48.0, 14.75)",47.89495849609375,14.724047660827637,1,7,4
1,4,Spring,8,"(48.33, 14.25)",48.43170166015625,14.300034523010254,4,7,5
0,8,Summer,7,"(47.67, 14.5)",47.67890370693077,14.485453078926593,3,18,6
1,10,Fall,6,"(48.67, 14.5)",48.61591720581055,14.50361156463623,0,43,7
1,3,Spring,4,"(48.33, 13.75)",48.21814727783203,13.87211799621582,2,1,8
0,8,Summer,9,"(47.67, 13.5)",47.78254386224023,13.53392160118021,0,48,9
0,2,Winter,9,"(47.67, 14.0)",47.66469621525478,13.891869445025387,1,26,10
1,3,Spring,9,"(48.0, 13.5)",47.9760856628418,13.600279808044434,0,63,11
0,8,Summer,4,"(48.0, 13.75)",48.041864303438935,13.79846311084817,1,15,12
1,12,Winter,8,"(48.33, 14.0)",48.43106460571289,14.11348819732666,1,5,13
1,4,Spring,6,"(48.33, 14.75)",48.47785949707031,14.726517677307129,4,4,14
0,12,Winter,5,"(47.67, 13.25)",47.78631263705329,13.245175819687933,0,35,15
1,4,Spring,0,"(48.33, 13.75)",48.411590576171875,13.812897682189941,4,5,16
0,5,Spring,7,"(47.67, 14.5)",47.67501459482204,14.523194102504743,0,183,17
1,1,Winter,1,"(48.33, 14.75)",48.2080192565918,14.789536476135254,2,11,18
0,10,Fall,6,"(48.67, 14.75)",48.52466648847071,14.702938201552564,3,0,19
1,2,Winter,6,"(48.67, 14.5)",48.61591720581055,14.50361156463623,2,1,20
0,8,Summer,0,"(48.33, 13.75)",48.37654362876738,13.873609270248785,0,42,21
1,8,Summer,2,"(47.67, 14.25)",47.69980239868164,14.15542221069336,3,22,22
0,3,Spring,9,"(47.67, 13.5)",47.5654536803489,13.546710857642298,1,0,23
0,7,Summer,5,"(48.0, 13.25)",48.117101724024586,13.33612035235548,1,18,24
0,3,Spring,0,"(48.67, 14.0)",48.62208003830973,13.931606279050216,1,24,25
1,6,Summer,0,"(48.67, 13.5)",48.5525016784668,13.46028995513916,1,1,26
1,11,Fall,0,"(48.67, 14.0)",48.644813537597656,13.96917724609375,0,145,27
1,6,Summer,9,"(47.67, 13.5)",47.585105895996094,13.536215782165527,1,18,28
1,11,Fall,8,"(48.33, 14.25)",48.41309356689453,14.27644157409668,0,492,29
1,3,Spring,3,"(48.33, 14.25)",48.4420166015625,14.347484588623047,8,3,30
1,7,Summer,6,"(48.67, 14.5)",48.57019805908203,14.55305004119873,1,8,31
1,6,Summer,9,"(48.0, 13.75)",47.95231246948242,13.672718048095703,0,50,32
0,3,Spring,5,"(48.0, 13.5)",48.16664332355964,13.469617177937822,0,76,33
0,8,Summer,4,"(48.0, 13.75)",48.11287640564727,13.71758428058202,2,4,34
1,9,Fall,5,"(48.0, 13.5)",47.86764907836914,13.432426452636719,0,144,35
1,4,Spring,8,"(48.67, 14.25)",48.52265167236328,14.293068885803223,2,27,36
1,2,Winter,1,"(48.33, 14.75)",48.34822463989258,14.7565279006958,3,1,37
1,5,Spring,6,"(48.67, 14.5)",48.61591720581055,14.50361156463623,5,1,38
0,8,Summer,6,"(48.67, 14.75)",48.62530895692483,14.808472503230687,0,30,39
1,12,Winter,9,"(48.0, 13.75)",47.844825744628906,13.790284156799316,0,96,40
1,4,Spring,4,"(48.33, 14.0)",48.241722106933594,13.986942291259766,0,51,41
0,12,Winter,9,"(47.67, 13.75)",47.580619237123706,13.853131514427874,0,37,42
0,6,Summer,9,"(47.67, 13.5)",47.733799760648154,13.389109521889598,0,58,43
1,7,Summer,6,"(48.33, 14.5)",48.418312072753906,14.612236022949219,0,500,44
0,4,Spring,5,"(48.0, 13.25)",48.05298640888178,13.251723519259718,0,103,45
0,9,Fall,4,"(48.0, 14.0)",48.13487139649676,13.979412892546994,0,421,46
0,11,Fall,0,"(48.33, 13.75)",48.36334986575447,13.820633408382205,0,202,47
1,3,Spring,8,"(48.33, 14.0)",48.43106460571289,14.11348819732666,3,13,48
1,12,Winter,6,"(48.67, 14.75)",48.531654357910156,14.809042930603027,1,3,49
0,8,Summer,1,"(48.67, 14.75)",48.515097043499274,14.831249762754176,0,90,50
1,11,Fall,5,"(48.0, 13.5)",48.14161682128906,13.542238235473633,0,50,51
0,9,Fall,7,"(48.0, 14.75)",47.87821831673237,14.737936096848042,0,165,52
0,10,Fall,2,"(48.0, 14.0)",47.917704141911706,14.04405028739131,0,284,53
0,5,Spring,0,"(48.67, 13.75)",48.68156260187036,13.62851168688202,2,0,54
1,9,Fall,2,"(47.67, 14.25)",47.7127571105957,14.225030899047852,0,53,55
0,3,Spring,2,"(48.0, 14.25)",47.863374426775586,14.155361777198054,0,103,56
0,1,Winter,2,"(47.67, 14.25)",47.70862091346312,14.280433811154554,0,235,57
1,12,Winter,3,"(48.33, 14.5)",48.318050384521484,14.472869873046875,2,3,58
0,10,Fall,5,"(48.33, 13.5)",48.41346082562594,13.395808062859366,0,151,59
1,3,Spring,3,"(48.33, 14.5)",48.354984283447266,14.53081226348877,6,2,60
0,12,Winter,4,"(48.0, 14.0)",48.11780583555478,13.960119444437838,2,10,61
1,5,Spring,4,"(48.33, 14.0)",48.23209762573242,13.946207046508789,4,1,62
0,8,Summer,7,"(47.67, 14.75)",47.79696448154609,14.807493196313423,0,35,63
1,3,Spring,6,"(48.67, 14.5)",48.58619689941406,14.561509132385254,5,14,64
1,10,Fall,1,"(48.33, 14.75)",48.43539810180664,14.781949043273926,6,2,65
1,5,Spring,3,"(48.33, 14.25)",48.373409271240234,14.348564147949219,1,28,66
1,5,Spring,1,"(48.33, 14.75)",48.30152130126953,14.65108871459961,2,4,67
0,3,Spring,8,"(48.33, 14.25)",48.47894727196819,14.189463837571239,3,0,68
0,11,Fall,5,"(48.0, 13.5)",47.930710013299034,13.411571481128941,1,5,69
1,3,Spring,5,"(48.0, 13.5)",48.15569305419922,13.561890602111816,0,77,70
0,6,Summer,0,"(48.67, 13.75)",48.59234476907074,13.768445623669603,2,14,71
1,2,Winter,6,"(48.33, 14.75)",48.47785949707031,14.726517677307129,2,1,72
0,2,Winter,5,"(48.0, 13.5)",48.0363124548407,13.437973853964541,0,48,73
1,5,Spring,4,"(48.0, 14.0)",47.971580505371094,13.99046516418457,1,27,74
1,2,Winter,2,"(48.0, 14.25)",48.07186508178711,14.141493797302246,1,4,75
1,11,Fall,7,"(48.0, 14.75)",47.89495849609375,14.724047660827637,0,106,76
1,8,Summer,4,"(48.33, 13.75)",48.172584533691406,13.766887664794922,0,33,77
0,5,Spring,5,"(47.67, 13.25)",47.63968914915192,13.20025165077534,0,500,78
1,6,Summer,9,"(48.0, 13.75)",47.91858673095703,13.800304412841797,1,2,79
0,5,Spring,5,"(48.0, 13.5)",48.00212563949285,13.489442847225927,5,4,80
1,10,Fall,1,"(48.33, 14.75)",48.40572738647461,14.83878231048584,3,12,81
1,1,Winter,1,"(48.33, 14.75)",48.34822463989258,14.7565279006958,5,5,82
1,7,Summer,6,"(48.67, 14.75)",48.531654357910156,14.809042930603027,1,13,83
1,5,Spring,4,"(48.0, 14.0)",47.971580505371094,13.99046516418457,2,1,84
1,9,Fall,1,"(48.33, 14.75)",48.43539810180664,14.781949043273926,1,19,85
1,5,Spring,6,"(48.67, 14.5)",48.61591720581055,14.50361156463623,5,15,86
0,6,Summer,8,"(48.67, 14.25)",48.71841040482637,14.300964603505232,4,3,87
0,4,Spring,3,"(48.33, 14.5)",48.43042355274657,14.571881510864959,7,4,88
1,12,Winter,5,"(48.0, 13.5)",48.02287292480469,13.430584907531738,0,229,89
1,5,Spring,6,"(48.67, 14.75)",48.531654357910156,14.809042930603027,4,2,90
1,4,Spring,9,"(48.0, 13.75)",47.97472381591797,13.67065715789795,1,20,91
0,11,Fall,3,"(48.33, 14.25)",48.225756572969544,14.345119226551713,0,131,92
0,11,Fall,8,"(48.67, 14.25)",48.58176663046496,14.33396176598049,0,476,93
1,12,Winter,1,"(48.33, 14.75)",48.43539810180664,14.781949043273926,4,19,94
1,6,Summer,4,"(48.0, 14.0)",47.97063064575195,13.899243354797363,0,500,95
0,10,Fall,2,"(48.0, 14.0)",47.85712605055559,14.032637556839497,0,43,96
0,12,Winter,6,"(48.67, 14.75)",48.650153760515224,14.691610620901589,0,53,97
1,1,Winter,1,"(48.33, 14.75)",48.43539810180664,14.781949043273926,2,20,98
1,3,Spring,8,"(48.33, 14.25)",48.3791618347168,14.191792488098145,2,14,99
1,11,Fall,6,"(48.67, 14.5)",48.61591720581055,14.50361156463623,2,5,100
0,4,Spring,1,"(48.33, 15.0)",48.178344537901076,14.937540823155729,4,1,101
0,1,Winter,7,"(47.67, 15.0)",47.710541686629306,14.908563051449551,0,62,102
0,7,Summer,5,"(48.0, 13.25)",47.98016147739871,13.308656728182543,0,60,103
1,12,Winter,7,"(48.0, 14.75)",47.85725784301758,14.66356086730957,0,33,104
1,8,Summer,2,"(48.0, 14.25)",47.94584274291992,14.357251167297363,0,294,105
1,2,Winter,6,"(48.67, 14.75)",48.531654357910156,14.809042930603027,5,2,106
0,8,Summer,5,"(48.67, 13.25)",48.61213144697153,13.129992280356703,0,106,107
0,11,Fall,0,"(48.33, 14.0)",48.41734244214915,13.986387206483007,0,141,108
0,10,Fall,8,"(48.33, 14.0)",48.31186831918459,14.079318115257584,0,171,109
0,11,Fall,1,"(48.0, 14.75)",48.1127546169482,14.864282375982182,0,33,110
1,9,Fall,0,"(48.33, 13.75)",48.411590576171875,13.812897682189941,0,58,111
0,11,Fall,7,"(47.67, 14.75)",47.64939801711772,14.82342146144802,1,11,112
1,11,Fall,1,"(48.33, 14.75)",48.349586486816406,14.66864013671875,10,3,113
0,6,Summer,4,"(48.0, 14.0)",47.92120266150162,13.994310123001974,1,17,114
0,1,Winter,5,"(48.67, 13.25)",48.61990190557875,13.152565744810822,1,2,115
1,7,Summer,1,"(48.33, 14.75)",48.34822463989258,14.7565279006958,0,67,116
0,7,Summer,2,"(47.67, 14.0)",47.78173716881301,13.989775714272737,3,15,117
1,5,Spring,6,"(48.67, 14.75)",48.531654357910156,14.809042930603027,3,7,118
0,5,Spring,1,"(48.33, 14.75)",48.220380988041306,14.760748531033077,2,13,119
0,12,Winter,2,"(47.67, 14.5)",47.644621413317495,14.417639761740851,4,9,120
1,4,Spring,5,"(48.0, 13.25)",47.95217514038086,13.30579948425293,1,1,121
0,9,Fall,0,"(48.33, 13.5)",48.40684771020981,13.589333109716847,0,76,122
0,3,Spring,7,"(48.0, 14.75)",48.074669733135266,14.752790975603482,0,129,123
1,10,Fall,1,"(48.33, 14.75)",48.43539810180664,14.781949043273926,4,8,124
0,1,Winter,0,"(48.33, 13.75)",48.450060747219936,13.683444378578464,0,268,125
1,8,Summer,4,"(48.0, 14.0)",48.12343978881836,14.092875480651855,1,16,126
0,9,Fall,7,"(47.67, 14.75)",47.60496709607248,14.639747533327382,0,149,127
0,12,Winter,5,"(48.0, 13.0)",47.9674602960021,13.087017652203222,0,39,128
1,5,Spring,8,"(48.33, 14.25)",48.46451187133789,14.226265907287598,2,7,129
0,4,Spring,7,"(48.0, 14.75)",48.02866737396235,14.728688887302635,0,137,130
0,4,Spring,9,"(47.67, 13.75)",47.64867309818949,13.664824647311951,0,131,131
0,6,Summer,0,"(48.33, 13.75)",48.42359348063354,13.677706591174939,0,80,132
1,1,Winter,6,"(48.67, 14.5)",48.64296340942383,14.453146934509277,3,21,133
1,1,Winter,7,"(48.0, 14.75)",47.89495849609375,14.724047660827637,1,21,134
0,1,Winter,7,"(48.0, 14.5)",47.841364127885484,14.528693354261208,0,85,135
0,1,Winter,9,"(48.0, 13.75)",47.845323120756,13.824590140768626,0,37,136
0,6,Summer,6,"(48.67, 14.5)",48.676226994404736,14.521834555823306,3,23,137
1,2,Winter,8,"(48.33, 14.0)",48.43106460571289,14.11348819732666,2,10,138
1,10,Fall,7,"(48.0, 14.75)",47.85725784301758,14.66356086730957,0,86,139
0,8,Summer,2,"(48.0, 14.0)",48.0084350266342,14.084746445309879,1,21,140
1,3,Spring,8,"(48.33, 14.25)",48.3791618347168,14.191792488098145,1,2,141
0,9,Fall,3,"(48.33, 14.5)",48.41566505134464,14.448325870567693,0,93,142
1,2,Winter,0,"(48.33, 13.75)",48.46249008178711,13.640299797058105,1,19,143
0,5,Spring,0,"(48.67, 13.75)",48.53363409079905,13.734661201341279,2,17,144
0,9,Fall,3,"(48.33, 14.5)",48.25362451944135,14.40383952280597,0,85,145
0,7,Summer,5,"(48.0, 13.25)",47.981127154215116,13.194746728388777,2,4,146
0,2,Winter,9,"(48.0, 13.5)",47.87944039369283,13.60332342103797,0,100,147
0,12,Winter,0,"(48.67, 14.0)",48.63728009443038,13.916873569169626,0,79,148
0,8,Summer,5,"(48.0, 13.25)",47.84155631884892,13.20910350717884,1,27,149
0,2,Winter,4,"(48.0, 14.0)",48.13346423763815,14.106180614064693,0,75,150
0,12,Winter,9,"(48.0, 13.5)",47.964804327724075,13.582362396518604,0,31,151
1,2,Winter,3,"(48.33, 14.25)",48.35695266723633,14.348211288452148,3,3,152
1,4,Spring,3,"(48.33, 14.5)",48.27019119262695,14.529187202453613,1,19,153
1,11,Fall,1,"(48.33, 15.0)",48.273353576660156,14.948308944702148,10,2,154
1,6,Summer,4,"(48.0, 13.75)",48.03562927246094,13.72360610961914,2,13,155
0,11,Fall,7,"(48.0, 14.75)",47.94503311335123,14.63016390949808,0,215,156
0,12,Winter,0,"(48.67, 14.0)",48.63747462706469,14.064908975625237,0,33,157
1,7,Summer,4,"(48.0, 13.75)",48.02341079711914,13.744331359863281,1,27,158
1,5,Spring,5,"(48.0, 13.0)",48.00724411010742,13.0838041305542,0,500,159
0,11,Fall,9,"(48.0, 13.5)",47.94650680622077,13.536828274349814,0,238,160
1,3,Spring,3,"(48.33, 14.5)",48.3531379699707,14.416419982910156,4,5,161
0,6,Summer,0,"(48.67, 13.75)",48.69286734805487,13.731745275849956,0,39,162
1,6,Summer,0,"(48.67, 14.0)",48.577335357666016,13.888190269470215,0,35,163
0,11,Fall,1,"(48.0, 14.75)",48.134682129127505,14.736988605122404,8,3,164
1,11,Fall,1,"(48.33, 14.75)",48.40572738647461,14.83878231048584,9,4,165
1,3,Spring,1,"(48.33, 14.75)",48.450138092041016,14.776456832885742,6,1,166
0,9,Fall,7,"(48.0, 14.75)",48.055467912810826,14.717175115136962,0,77,167
0,6,Summer,5,"(48.0, 13.5)",48.141504320413816,13.477539073287666,0,40,168
1,5,Spring,1,"(48.33, 14.75)",48.43539810180664,14.781949043273926,3,7,169
1,8,Summer,4,"(48.33, 13.75)",48.21814727783203,13.87211799621582,1,5,170
0,4,Spring,0,"(48.33, 14.0)",48.34251358356042,13.90462131390959,0,52,171
0,6,Summer,5,"(48.0, 13.5)",48.133497714391396,13.458202700674168,0,35,172
0,11,Fall,6,"(48.67, 14.75)",48.58762844731867,14.700556607229869,0,33,173
1,4,Spring,9,"(48.0, 13.5)",47.9760856628418,13.600279808044434,2,5,174
1,5,Spring,2,"(47.67, 14.25)",47.80611801147461,14.129650115966797,1,17,175
1,11,Fall,2,"(48.0, 14.0)",47.8640251159668,14.121219635009766,1,29,176
0,2,Winter,3,"(48.33, 14.5)",48.3694140258625,14.546441901939486,1,4,177
1,11,Fall,1,"(48.33, 14.75)",48.26671600341797,14.807046890258789,11,2,178
1,1,Winter,3,"(48.67, 14.5)",48.511295318603516,14.504756927490234,1,7,179
0,7,Summer,2,"(48.0, 14.0)",47.89585226893468,14.031385437500775,3,12,180
1,3,Spring,1,"(48.33, 14.75)",48.43539810180664,14.781949043273926,2,14,181
0,3,Spring,8,"(48.33, 14.25)",48.22490849480845,14.302150216558097,3,4,182
1,12,Winter,1,"(48.33, 14.75)",48.43539810180664,14.781949043273926,1,23,183
0,9,Fall,0,"(48.33, 14.0)",48.4294161518624,13.945363166868539,1,9,184
0,10,Fall,5,"(48.33, 13.25)",48.19702211475145,13.12646904979476,1,7,185
0,4,Spring,4,"(48.0, 14.0)",48.081731069043634,14.098187730701508,1,20,186
0,8,Summer,1,"(48.33, 14.75)",48.36751101764489,14.746946878112261,2,4,187
1,12,Winter,6,"(48.67, 14.5)",48.61591720581055,14.50361156463623,0,31,188
1,4,Spring,6,"(48.67, 14.75)",48.56035614013672,14.644402503967285,5,2,189
0,4,Spring,0,"(48.67, 14.0)",48.59235918512027,13.975509586381474,3,21,190
0,2,Winter,5,"(48.33, 13.25)",48.36149407827987,13.157755144794832,0,41,191
0,5,Spring,4,"(48.0, 14.0)",47.962524058770434,13.967292174718915,5,3,192
1,4,Spring,7,"(48.0, 14.75)",47.85725784301758,14.66356086730957,0,474,193
1,11,Fall,2,"(48.0, 14.25)",47.88619613647461,14.257271766662598,1,5,194
0,11,Fall,9,"(47.67, 13.75)",47.66964980127637,13.784961684490986,0,47,195
0,7,Summer,5,"(48.0, 13.25)",47.94584438621416,13.238494092251495,0,66,196
0,10,Fall,7,"(47.67, 14.75)",47.702533043759715,14.676247175713298,0,106,197
1,11,Fall,5,"(48.0, 13.5)",48.15569305419922,13.561890602111816,0,98,198
0,8,Summer,5,"(48.0, 13.25)",48.065847682631095,13.333839756501632,2,14,199
1,5,Spring,3,"(48.33, 14.25)",48.4420166015625,14.347484588623047,1,12,200
1,7,Summer,4,"(48.33, 13.75)",48.172584533691406,13.766887664794922,0,66,201
1,11,Fall,1,"(48.33, 14.75)",48.43539810180664,14.781949043273926,0,43,202
0,3,Spring,0,"(48.67, 13.5)",48.683654991648126,13.45329943754266,0,500,203
0,12,Winter,0,"(48.67, 13.5)",48.58182738958841,13.403064220045149,0,40,204
0,1,Winter,0,"(48.67, 14.0)",48.729491947690754,14.040925817934193,1,0,205
0,10,Fall,0,"(48.33, 13.5)",48.42151997071703,13.514235141118018,1,21,206
1,11,Fall,4,"(48.0, 13.75)",48.095733642578125,13.659505844116211,0,87,207
1,1,Winter,1,"(48.33, 14.75)",48.39420700073242,14.729105949401855,2,20,208
0,4,Spring,5,"(48.67, 13.25)",48.52273863150405,13.279952425577,0,53,209
1,11,Fall,1,"(48.33, 14.75)",48.26671600341797,14.807046890258789,10,4,210
0,12,Winter,5,"(47.67, 13.25)",47.68984781728716,13.283903365759024,0,41,211
1,6,Summer,9,"(47.67, 13.5)",47.80431365966797,13.488969802856445,0,500,212
0,3,Spring,4,"(48.0, 13.75)",47.952024355178736,13.863951433941592,0,108,213
0,6,Summer,3,"(48.33, 14.5)",48.2618453272413,14.577053941002543,1,17,214
1,9,Fall,1,"(48.33, 14.75)",48.349586486816406,14.66864013671875,0,47,215
0,7,Summer,4,"(48.0, 14.0)",48.03846490039609,13.900828913535557,1,19,216
1,3,Spring,2,"(48.0, 14.25)",47.88619613647461,14.257271766662598,1,28,217
1,2,Winter,4,"(48.0, 13.75)",48.09885025024414,13.814166069030762,0,85,218
0,2,Winter,0,"(48.67, 13.75)",48.71564532977984,13.654717308752973,1,7,219
1,2,Winter,3,"(48.33, 14.25)",48.21698760986328,14.351035118103027,4,10,220
1,9,Fall,8,"(48.33, 14.0)",48.30010223388672,14.00755500793457,0,83,221
1,6,Summer,0,"(48.67, 14.0)",48.644813537597656,13.96917724609375,1,1,222
0,12,Winter,0,"(48.67, 13.75)",48.6959342128611,13.774963847941407,0,72,223
1,3,Spring,3,"(48.33, 14.25)",48.35695266723633,14.348211288452148,6,1,224
1,4,Spring,8,"(48.33, 14.25)",48.311580657958984,14.24056339263916,1,20,225
1,7,Summer,2,"(48.0, 14.25)",47.94584274291992,14.357251167297363,1,16,226
0,1,Winter,6,"(48.67, 14.5)",48.61936574671085,14.452745412334119,3,6,227
0,7,Summer,8,"(48.33, 14.25)",48.26853411532588,14.148239766868258,0,500,228
1,4,Spring,3,"(48.33, 14.5)",48.344451904296875,14.4420166015625,1,19,229
1,12,Winter,6,"(48.33, 14.75)",48.47785949707031,14.726517677307129,2,3,230
1,4,Spring,3,"(48.33, 14.5)",48.251285552978516,14.482098579406738,8,3,231
0,9,Fall,2,"(47.67, 14.5)",47.7258161330804,14.437030478541876,1,12,232
0,5,Spring,7,"(48.0, 14.5)",48.06063367210271,14.596259862319258,1,15,233
1,1,Winter,1,"(48.33, 14.75)",48.227176666259766,14.855195045471191,3,1,234
0,1,Winter,7,"(48.0, 14.5)",48.06165464108584,14.563002289900346,0,42,235
0,10,Fall,1,"(48.33, 14.75)",48.385623225086874,14.863681956141757,0,169,236
1,6,Summer,6,"(48.67, 14.5)",48.58619689941406,14.561509132385254,8,1,237
0,7,Summer,9,"(48.0, 13.75)",48.0045790282272,13.698789923749175,0,100,238
0,8,Summer,8,"(48.33, 14.0)",48.489972315749576,14.094242744263008,0,385,239
0,6,Summer,2,"(47.67, 14.5)",47.63741808465609,14.47077714076875,0,62,240
0,2,Winter,3,"(48.33, 14.25)",48.43741486752097,14.340116465455342,0,68,241
1,7,Summer,9,"(47.67, 13.5)",47.83009338378906,13.546585083007812,0,211,242
0,8,Summer,5,"(48.0, 13.0)",47.91550555824841,13.063547913130455,0,500,243
1,5,Spring,3,"(48.33, 14.5)",48.466644287109375,14.386953353881836,1,12,244
0,4,Spring,5,"(47.67, 13.25)",47.75846146619919,13.13162895150231,0,102,245
0,9,Fall,2,"(48.0, 14.25)",47.9976900878098,14.311663015890035,1,19,246
1,10,Fall,1,"(48.33, 14.75)",48.39420700073242,14.729105949401855,3,7,247
1,9,Fall,9,"(48.0, 13.5)",47.9760856628418,13.600279808044434,0,111,248
0,9,Fall,3,"(48.0, 14.5)",48.13134682682598,14.390468590640303,0,93,249
0,8,Summer,9,"(47.67, 13.5)",47.79219991030076,13.507760784087912,1,29,250
0,10,Fall,2,"(47.67, 14.25)",47.632672216216264,14.200256235300703,0,38,251
1,7,Summer,5,"(48.0, 13.5)",47.928565979003906,13.423049926757812,1,14,252
1,4,Spring,1,"(48.33, 14.75)",48.34822463989258,14.7565279006958,3,15,253
1,5,Spring,6,"(48.67, 14.5)",48.61591720581055,14.50361156463623,5,11,254
0,8,Summer,5,"(48.0, 13.25)",47.87588628797247,13.14303158277519,0,86,255
1,5,Spring,0,"(48.33, 13.75)",48.406211853027344,13.761320114135742,1,2,256
1,6,Summer,3,"(48.33, 14.5)",48.331295013427734,14.622075080871582,2,23,257
1,7,Summer,2,"(47.67, 14.25)",47.66461181640625,14.340187072753906,2,9,258
0,6,Summer,0,"(48.67, 13.5)",48.72083109165383,13.512170866852765,2,7,259
1,5,Spring,1,"(48.33, 15.0)",48.30641555786133,14.908028602600098,0,42,260
0,7,Summer,5,"(48.67, 13.25)",48.714520280445036,13.154324047990306,0,67,261
0,12,Winter,9,"(47.67, 13.75)",47.71365377607449,13.713812189433714,0,42,262
1,1,Winter,1,"(48.33, 14.75)",48.39420700073242,14.729105949401855,4,17,263
1,9,Fall,6,"(48.67, 14.5)",48.605438232421875,14.529430389404297,1,5,264
0,10,Fall,9,"(47.67, 13.75)",47.832106058847,13.813096682374885,1,23,265
0,7,Summer,2,"(47.67, 14.25)",47.60852439107512,14.282422261213949,3,5,266
0,11,Fall,9,"(47.67, 13.75)",47.72827842546491,13.761821143705859,1,21,267
1,1,Winter,1,"(48.33, 14.75)",48.43539810180664,14.781949043273926,4,1,268
1,12,Winter,1,"(48.33, 14.75)",48.2080192565918,14.789536476135254,0,85,269
1,5,Spring,6,"(48.67, 14.75)",48.56035614013672,14.644402503967285,4,1,270
1,4,Spring,1,"(48.33, 14.75)",48.319297790527344,14.81700611114502,0,73,271
0,5,Spring,6,"(48.67, 14.75)",48.666663966351884,14.674648380485465,2,3,272
0,4,Spring,3,"(48.33, 14.5)",48.330513151799565,14.556793239288838,0,500,273
1,9,Fall,9,"(47.67, 13.5)",47.64089584350586,13.616479873657227,0,43,274
1,6,Summer,9,"(48.0, 13.75)",47.91858673095703,13.800304412841797,0,43,275
0,11,Fall,0,"(48.67, 13.75)",48.59574089166147,13.748559091173533,0,38,276
1,6,Summer,2,"(47.67, 14.25)",47.66461181640625,14.340187072753906,0,70,277
1,6,Summer,6,"(48.67, 14.5)",48.61591720581055,14.50361156463623,0,37,278
0,5,Spring,5,"(47.67, 13.25)",47.75982726429266,13.230472631273464,2,10,279
1,7,Summer,8,"(48.33, 14.25)",48.305908203125,14.286197662353516,0,33,280
1,2,Winter,3,"(48.33, 14.25)",48.35695266723633,14.348211288452148,2,7,281
0,6,Summer,8,"(48.67, 14.25)",48.58607679969783,14.241369711268158,5,9,282
1,12,Winter,9,"(48.0, 13.5)",47.9760856628418,13.600279808044434,1,5,283
1,6,Summer,6,"(48.67, 14.75)",48.531654357910156,14.809042930603027,1,28,284
0,2,Winter,7,"(47.67, 15.0)",47.71031489283739,14.882656251175264,0,33,285
0,1,Winter,0,"(48.67, 14.0)",48.595016231368916,14.04132532307024,0,221,286
1,3,Spring,4,"(48.0, 14.0)",47.90449142456055,13.960975646972656,0,110,287
1,2,Winter,3,"(48.33, 14.5)",48.33805847167969,14.521017074584961,0,63,288
1,10,Fall,3,"(48.33, 14.5)",48.344451904296875,14.4420166015625,1,22,289
1,11,Fall,1,"(48.33, 14.75)",48.26671600341797,14.807046890258789,12,3,290
1,10,Fall,2,"(47.67, 14.5)",47.713134765625,14.388224601745605,1,2,291
1,4,Spring,3,"(48.33, 14.5)",48.331295013427734,14.622075080871582,7,3,292
0,4,Spring,9,"(47.67, 14.0)",47.716991143655996,13.878354715481334,0,110,293
1,10,Fall,8,"(48.33, 14.25)",48.41309356689453,14.27644157409668,2,23,294
1,1,Winter,1,"(48.33, 14.75)",48.43539810180664,14.781949043273926,5,17,295
1,3,Spring,3,"(48.33, 14.25)",48.35695266723633,14.348211288452148,4,13,296
0,3,Spring,7,"(47.67, 14.75)",47.62338849350675,14.802402610827158,0,160,297
1,10,Fall,0,"(48.67, 14.0)",48.524879455566406,13.99489688873291,1,17,298
1,12,Winter,5,"(48.0, 13.5)",48.02287292480469,13.430584907531738,0,229,299
1,4,Spring,1,"(48.33, 14.75)",48.34822463989258,14.7565279006958,4,2,300
1,3,Spring,2,"(48.0, 14.25)",47.88619613647461,14.257271766662598,2,1,301
1,10,Fall,3,"(48.33, 14.5)",48.40552520751953,14.41844654083252,0,218,302
1,6,Summer,4,"(48.0, 13.75)",48.095733642578125,13.659505844116211,4,4,303
0,12,Winter,4,"(48.33, 13.5)",48.240772132651465,13.62140843008629,0,246,304
0,3,Spring,8,"(48.33, 14.25)",48.204822460533435,14.195504483270753,3,10,305
0,10,Fall,5,"(47.67, 13.25)",47.72735246540153,13.229410408765263,1,23,306
1,8,Summer,1,"(48.33, 14.75)",48.43539810180664,14.781949043273926,2,13,307
1,10,Fall,2,"(48.0, 14.0)",47.891483306884766,14.031570434570312,1,23,308
0,9,Fall,5,"(48.33, 13.0)",48.38816523695474,13.105976413673325,0,57,309
1,12,Winter,6,"(48.67, 14.75)",48.531654357910156,14.809042930603027,0,57,310
0,1,Winter,7,"(47.67, 14.75)",47.61059581018731,14.643678811970709,0,62,311
0,1,Winter,7,"(48.0, 15.0)",47.98972322714223,14.945383592577915,0,46,312
1,3,Spring,6,"(48.67, 14.5)",48.61591720581055,14.50361156463623,2,4,313
1,4,Spring,6,"(48.67, 14.75)",48.531654357910156,14.809042930603027,4,1,314
0,6,Summer,1,"(48.33, 15.0)",48.21577344713285,14.88475648618186,0,47,315
1,3,Spring,3,"(48.33, 14.5)",48.354984283447266,14.53081226348877,1,16,316
0,3,Spring,5,"(48.33, 13.25)",48.325648823318744,13.199469237861313,0,59,317
0,5,Spring,9,"(47.67, 13.5)",47.567055008952636,13.587084885294141,1,27,318
1,7,Summer,7,"(48.0, 14.5)",47.88620376586914,14.550121307373047,2,3,319
0,1,Winter,4,"(48.0, 14.0)",47.89663347491287,13.917765278971146,0,49,320
0,6,Summer,6,"(48.67, 14.5)",48.5337678485231,14.607921685966376,1,3,321
0,9,Fall,5,"(48.67, 13.25)",48.65622943273317,13.155837276610717,0,131,322
1,6,Summer,5,"(48.0, 13.5)",47.928565979003906,13.423049926757812,0,39,323
1,1,Winter,3,"(48.33, 14.25)",48.35695266723633,14.348211288452148,0,213,324
1,1,Winter,5,"(48.0, 13.5)",48.002220153808594,13.485081672668457,0,46,325
1,2,Winter,3,"(48.33, 14.5)",48.344451904296875,14.4420166015625,0,69,326
1,4,Spring,3,"(48.33, 14.5)",48.251285552978516,14.482098579406738,7,2,327
1,10,Fall,1,"(48.33, 14.75)",48.43539810180664,14.781949043273926,7,1,328
1,3,Spring,8,"(48.33, 14.0)",48.43106460571289,14.11348819732666,2,8,329
0,3,Spring,5,"(48.0, 13.0)",47.84316616785675,13.059958963252969,0,500,330
0,10,Fall,9,"(47.67, 13.75)",47.747007743153695,13.65311999159824,1,19,331
0,5,Spring,5,"(48.0, 13.5)",48.08061245478368,13.544798585888817,0,61,332
1,7,Summer,7,"(48.0, 14.75)",47.85725784301758,14.66356086730957,1,20,333
0,10,Fall,9,"(48.0, 13.75)",47.945590168029774,13.657639078468048,0,207,334
1,3,Spring,6,"(48.67, 14.75)",48.531654357910156,14.809042930603027,5,1,335
1,3,Spring,0,"(48.67, 13.75)",48.53908920288086,13.869988441467285,1,2,336
0,1,Winter,2,"(47.67, 14.25)",47.81803071702943,14.270275033143207,0,60,337
1,3,Spring,3,"(48.33, 14.25)",48.35695266723633,14.348211288452148,4,13,338
0,4,Spring,5,"(48.33, 13.5)",48.46051908242853,13.40554170462727,0,90,339
1,5,Spring,4,"(48.33, 13.75)",48.283233642578125,13.771017074584961,2,27,340
1,1,Winter,1,"(48.33, 14.75)",48.43539810180664,14.781949043273926,6,1,341
0,12,Winter,4,"(48.33, 13.75)",48.20323771732824,13.762211040678189,1,19,342
1,6,Summer,7,"(48.0, 14.75)",47.89495849609375,14.724047660827637,1,23,343
1,8,Summer,1,"(48.33, 14.75)",48.43539810180664,14.781949043273926,1,17,344
1,4,Spring,6,"(48.67, 14.5)",48.61591720581055,14.50361156463623,3,16,345
0,11,Fall,9,"(48.0, 14.0)",47.84001317421719,13.907393778783653,0,237,346
1,3,Spring,1,"(48.33, 14.75)",48.43539810180664,14.781949043273926,2,14,347
1,7,Summer,2,"(48.0, 14.25)",47.88619613647461,14.257271766662598,2,4,348
1,11,Fall,2,"(48.0, 14.25)",47.88619613647461,14.257271766662598,0,34,349
0,7,Summer,2,"(48.0, 14.25)",47.92681567222805,14.260789090660666,3,0,350
0,1,Winter,4,"(48.0, 14.0)",47.92606164745953,13.97334800333433,0,63,351
0,8,Summer,2,"(48.0, 14.0)",48.00462477947881,14.084693434482716,0,450,352
0,2,Winter,1,"(48.33, 14.75)",48.2509074919735,14.758009688551548,1,14,353
0,3,Spring,8,"(48.33, 14.25)",48.20602602158537,14.27785944699706,1,2,354
1,3,Spring,5,"(48.0, 13.25)",47.95217514038086,13.30579948425293,1,5,355
1,11,Fall,1,"(48.33, 14.75)",48.40572738647461,14.83878231048584,12,1,356
1,4,Spring,6,"(48.67, 14.75)",48.531654357910156,14.809042930603027,3,5,357
1,8,Summer,6,"(48.67, 14.5)",48.58619689941406,14.561509132385254,0,42,358
0,7,Summer,2,"(48.0, 14.25)",47.9790429880646,14.1985917111465,2,1,359
0,9,Fall,9,"(48.0, 13.75)",47.972474058753015,13.680000483967154,0,110,360
1,6,Summer,7,"(48.0, 14.5)",47.95199203491211,14.455706596374512,1,30,361
1,3,Spring,3,"(48.33, 14.5)",48.40552520751953,14.41844654083252,5,5,362
1,4,Spring,4,"(48.0, 14.0)",48.13345718383789,13.942744255065918,1,1,363
0,9,Fall,0,"(48.67, 13.25)",48.63391769264057,13.282603956627707,0,50,364
0,8,Summer,0,"(48.67, 13.75)",48.676603937696036,13.827419619957455,0,63,365
1,4,Spring,6,"(48.67, 14.75)",48.531654357910156,14.809042930603027,1,12,366
1,5,Spring,6,"(48.67, 14.75)",48.531654357910156,14.809042930603027,3,12,367
0,5,Spring,4,"(48.0, 13.75)",48.00456553727961,13.739690243863427,3,2,368
1,5,Spring,4,"(48.0, 14.0)",47.90449142456055,13.960975646972656,4,13,369
1,10,Fall,9,"(47.67, 13.75)",47.81223678588867,13.77416706085205,2,15,370
0,5,Spring,1,"(48.33, 14.75)",48.2609941106439,14.664892342496934,0,31,371
1,4,Spring,8,"(48.33, 14.0)",48.34489059448242,14.05342960357666,1,14,372
1,3,Spring,1,"(48.33, 14.75)",48.43539810180664,14.781949043273926,4,22,373
0,8,Summer,2,"(48.0, 14.25)",47.876955570741785,14.271834600271733,0,41,374
0,2,Winter,7,"(48.0, 14.75)",47.89935457368569,14.679578870705207,0,411,375
1,7,Summer,2,"(47.67, 14.25)",47.66461181640625,14.340187072753906,0,97,376
0,2,Winter,0,"(48.67, 13.75)",48.7181383612277,13.873166207430012,1,5,377
1,2,Winter,6,"(48.67, 14.75)",48.531654357910156,14.809042930603027,1,15,378
0,9,Fall,4,"(48.33, 13.75)",48.30515877311979,13.836515010049458,2,12,379
1,5,Spring,8,"(48.33, 14.25)",48.3791618347168,14.191792488098145,1,14,380
0,12,Winter,7,"(48.0, 14.75)",48.13209710562407,14.68377916408701,0,83,381
1,5,Spring,5,"(48.0, 13.5)",47.90925598144531,13.454058647155762,1,9,382
0,3,Spring,9,"(47.67, 14.0)",47.73568989908256,13.884530419764992,0,288,383
1,4,Spring,4,"(48.33, 13.75)",48.20309066772461,13.683045387268066,3,15,384
0,6,Summer,3,"(48.67, 14.25)",48.640639061333744,14.364330510503025,4,12,385
1,5,Spring,8,"(48.33, 14.25)",48.305908203125,14.286197662353516,4,3,386
0,6,Summer,0,"(48.67, 14.0)",48.712904522044084,14.0692235198573,0,33,387
0,11,Fall,1,"(48.0, 14.75)",48.1262282744672,14.834964897381651,1,16,388
0,5,Spring,5,"(48.33, 13.25)",48.32667013937583,13.27550161359494,1,7,389
0,1,Winter,0,"(48.67, 13.25)",48.69628577433726,13.233383615424923,1,8,390
0,2,Winter,0,"(48.67, 14.0)",48.683364591198355,13.94783124490142,2,0,391
1,3,Spring,1,"(48.33, 14.75)",48.26671600341797,14.807046890258789,4,2,392
0,7,Summer,2,"(47.67, 14.25)",47.67898932641983,14.343790261623196,0,94,393
1,6,Summer,1,"(48.33, 14.75)",48.319297790527344,14.81700611114502,1,15,394
1,2,Winter,8,"(48.33, 14.25)",48.43170166015625,14.300034523010254,0,66,395
1,8,Summer,3,"(48.33, 14.5)",48.42821502685547,14.48453426361084,1,10,396
0,2,Winter,6,"(48.67, 14.75)",48.59236902490053,14.787363110144716,2,7,397
0,10,Fall,4,"(48.0, 14.0)",48.039607129013895,14.085441330422928,0,445,398
0,2,Winter,5,"(48.33, 13.0)",48.4675196543028,13.047686034623332,0,58,399
1,3,Spring,3,"(48.33, 14.5)",48.40552520751953,14.41844654083252,6,2,400
0,2,Winter,2,"(48.0, 14.25)",47.86754430968434,14.20631046462336,1,3,401
0,12,Winter,9,"(48.0, 13.5)",47.87643768637269,13.563824800083495,1,24,402
1,3,Spring,9,"(47.67, 13.5)",47.585105895996094,13.536215782165527,0,118,403
1,2,Winter,1,"(48.33, 15.0)",48.30641555786133,14.908028602600098,0,62,404
1,10,Fall,1,"(48.33, 14.75)",48.40572738647461,14.83878231048584,4,1,405
1,9,Fall,7,"(48.0, 14.5)",47.88620376586914,14.550121307373047,0,329,406
0,12,Winter,5,"(48.67, 13.25)",48.52223510949917,13.315017263651367,1,19,407
1,9,Fall,8,"(48.67, 14.25)",48.52265167236328,14.293068885803223,0,74,408
1,10,Fall,1,"(48.33, 14.75)",48.39420700073242,14.729105949401855,5,1,409
1,12,Winter,3,"(48.33, 14.5)",48.318050384521484,14.472869873046875,1,5,410
0,1,Winter,0,"(48.33, 14.0)",48.45909035205102,14.003682997416309,1,1,411
1,4,Spring,6,"(48.33, 14.75)",48.443565368652344,14.677597045898438,5,4,412
1,1,Winter,0,"(48.33, 13.75)",48.4731330871582,13.634502410888672,0,223,413
0,9,Fall,5,"(48.33, 13.5)",48.245930597240076,13.502712573060423,0,131,414
1,9,Fall,2,"(47.67, 14.5)",47.713134765625,14.388224601745605,0,51,415
1,1,Winter,6,"(48.67, 14.75)",48.56035614013672,14.644402503967285,1,11,416
1,4,Spring,0,"(48.67, 14.0)",48.590396881103516,14.03548812866211,3,1,417
0,8,Summer,1,"(48.33, 14.75)",48.31151587087288,14.731388512247857,0,500,418
1,9,Fall,1,"(48.33, 15.0)",48.30641555786133,14.908028602600098,1,27,419
1,5,Spring,6,"(48.67, 14.5)",48.58619689941406,14.561509132385254,7,2,420
1,3,Spring,1,"(48.33, 15.0)",48.30641555786133,14.908028602600098,1,24,421
0,3,Spring,7,"(47.67, 14.75)",47.78086089516353,14.794783923080022,0,120,422
1,3,Spring,3,"(48.33, 14.5)",48.40552520751953,14.41844654083252,5,5,423
0,10,Fall,5,"(47.67, 13.25)",47.78298592882162,13.172537551013301,0,168,424
1,4,Spring,4,"(48.33, 13.75)",48.20309066772461,13.683045387268066,1,20,425
0,5,Spring,0,"(48.67, 13.5)",48.55291064494213,13.381372906297155,2,9,426
0,7,Summer,6,"(48.67, 14.5)",48.656207956652935,14.498455412858815,0,35,427
1,4,Spring,1,"(48.33, 14.75)",48.2672004699707,14.713226318359375,2,1,428
1,12,Winter,6,"(48.33, 14.75)",48.47785949707031,14.726517677307129,2,23,429
1,11,Fall,4,"(48.33, 14.0)",48.23038864135742,13.919425010681152,1,2,430
0,9,Fall,5,"(47.67, 13.25)",47.664407739864735,13.175362465480589,0,114,431
1,1,Winter,2,"(47.67, 14.25)",47.66461181640625,14.340187072753906,0,54,432
0,10,Fall,2,"(47.67, 14.25)",47.578947036032034,14.262657526720345,1,21,433
1,6,Summer,8,"(48.33, 14.25)",48.351348876953125,14.161396980285645,2,18,434
0,7,Summer,7,"(48.0, 15.0)",48.02279390587791,14.907160671458689,1,8,435
1,10,Fall,6,"(48.33, 14.75)",48.443565368652344,14.677597045898438,0,112,436
1,5,Spring,8,"(48.33, 14.25)",48.466793060302734,14.271305084228516,2,7,437
0,8,Summer,0,"(48.67, 13.5)",48.68724244575571,13.614485003419412,0,53,438
1,11,Fall,6,"(48.33, 14.75)",48.47785949707031,14.726517677307129,1,22,439
0,10,Fall,5,"(48.67, 13.25)",48.58347900889316,13.29378186719418,0,500,440
1,2,Winter,0,"(48.33, 13.75)",48.482887268066406,13.810708999633789,2,15,441
1,1,Winter,7,"(48.0, 14.75)",47.85725784301758,14.66356086730957,0,500,442
0,7,Summer,8,"(48.67, 14.25)",48.660378161212904,14.131391482123847,3,14,443
0,8,Summer,1,"(48.33, 14.75)",48.29397053213398,14.734423276221731,2,10,444
1,7,Summer,7,"(48.0, 14.75)",47.85725784301758,14.66356086730957,0,79,445
0,8,Summer,4,"(48.0, 13.75)",48.06603874396021,13.680017004941984,1,11,446
0,10,Fall,5,"(47.67, 13.0)",47.64722826528291,13.063314891313714,0,76,447
0,6,Summer,5,"(48.0, 13.25)",48.091743257744575,13.326378981097896,2,24,448
1,10,Fall,8,"(48.67, 14.25)",48.52265167236328,14.293068885803223,1,3,449
0,3,Spring,4,"(48.0, 13.75)",48.130764575486694,13.855782130496316,0,46,450
0,11,Fall,5,"(47.67, 13.0)",47.58896463887685,13.115631885999731,0,44,451
0,5,Spring,2,"(47.67, 14.25)",47.764328222655244,14.279872289385793,0,39,452
1,2,Winter,1,"(48.33, 14.75)",48.34822463989258,14.7565279006958,1,18,453
0,7,Summer,3,"(48.33, 14.5)",48.3395744627909,14.564247166790885,0,30,454
1,3,Spring,8,"(48.33, 14.25)",48.351348876953125,14.161396980285645,3,2,455
1,12,Winter,1,"(48.33, 15.0)",48.30641555786133,14.908028602600098,10,5,456
1,4,Spring,6,"(48.67, 14.75)",48.531654357910156,14.809042930603027,0,51,457
0,10,Fall,0,"(48.67, 14.0)",48.61943714688791,14.026095187134603,0,103,458
1,7,Summer,9,"(47.67, 13.5)",47.585105895996094,13.536215782165527,1,19,459
1,12,Winter,3,"(48.33, 14.5)",48.47140121459961,14.540763854980469,0,55,460
0,12,Winter,2,"(47.67, 14.0)",47.56672984893405,14.094400892769686,0,30,461
0,7,Summer,8,"(48.67, 14.25)",48.6951025744773,14.313674756583913,3,1,462
1,3,Spring,6,"(48.33, 14.5)",48.418312072753906,14.612236022949219,2,4,463
1,12,Winter,6,"(48.67, 14.5)",48.605438232421875,14.529430389404297,0,35,464
1,11,Fall,7,"(48.0, 14.75)",47.89495849609375,14.724047660827637,0,106,465
1,9,Fall,9,"(47.67, 13.5)",47.64089584350586,13.616479873657227,0,58,466
0,2,Winter,6,"(48.67, 14.5)",48.68427935042236,14.493940762301985,0,67,467
1,3,Spring,0,"(48.67, 13.75)",48.53908920288086,13.869988441467285,1,2,468
0,4,Spring,3,"(48.33, 14.5)",48.43873905840889,14.406737988143739,7,3,469
1,11,Fall,6,"(48.67, 14.5)",48.61591720581055,14.50361156463623,0,51,470
0,1,Winter,5,"(48.33, 13.5)",48.29048657587128,13.487917331712197,1,26,471
1,4,Spring,3,"(48.33, 14.5)",48.25812911987305,14.46265983581543,5,1,472
0,11,Fall,1,"(48.33, 15.0)",48.176378415283835,14.917171444138415,0,37,473
0,6,Summer,5,"(48.0, 13.5)",48.0899227346977,13.47797686618242,0,36,474
0,9,Fall,4,"(48.0, 13.75)",48.132225491132125,13.664123330014498,0,33,475
1,2,Winter,1,"(48.33, 14.75)",48.43539810180664,14.781949043273926,3,15,476
0,3,Spring,1,"(48.33, 14.75)",48.389349095671726,14.870780821159686,2,5,477
0,11,Fall,4,"(48.0, 13.75)",48.16072997606308,13.69838504461516,2,3,478
0,8,Summer,5,"(48.33, 13.25)",48.20279509528597,13.12748812022226,2,11,479
0,1,Winter,2,"(47.67, 14.25)",47.66288134450261,14.37313932028578,0,58,480
0,1,Winter,8,"(48.67, 14.25)",48.66867551543079,14.192136534001357,0,53,481
0,3,Spring,8,"(48.33, 14.25)",48.41312805600217,14.153075906702314,3,8,482
0,9,Fall,5,"(47.67, 13.25)",47.68350571720831,13.205181389889436,0,123,483
1,4,Spring,6,"(48.67, 14.75)",48.531654357910156,14.809042930603027,4,2,484
1,9,Fall,4,"(48.0, 14.0)",48.139827728271484,13.967597961425781,0,39,485
0,12,Winter,5,"(48.33, 13.25)",48.40089147457073,13.255359132043464,0,40,486
0,5,Spring,4,"(48.0, 13.75)",48.01198539267172,13.837481140126483,4,3,487
1,4,Spring,3,"(48.33, 14.5)",48.331295013427734,14.622075080871582,7,3,488
0,4,Spring,4,"(48.33, 13.75)",48.33129451384617,13.661298737673192,0,48,489
1,4,Spring,4,"(48.33, 14.0)",48.23209762573242,13.946207046508789,2,5,490
1,11,Fall,2,"(47.67, 14.25)",47.70138931274414,14.274605751037598,1,3,491
0,2,Winter,0,"(48.33, 13.75)",48.40217881781052,13.794742992400261,0,53,492
1,3,Spring,3,"(48.33, 14.25)",48.35695266723633,14.348211288452148,6,1,493
0,9,Fall,3,"(48.33, 14.5)",48.39201859828498,14.558334577069303,0,169,494
0,8,Summer,4,"(48.0, 13.75)",48.124354972149575,13.76609509751679,1,28,495
0,12,Winter,2,"(47.67, 14.25)",47.60956996494995,14.36402465627235,0,54,496
0,11,Fall,2,"(47.67, 14.25)",47.58232676898084,14.309774450956672,0,67,497
0,5,Spring,4,"(48.0, 13.75)",48.14243851777888,13.7202419702116,4,0,498
0,12,Winter,3,"(48.33, 14.5)",48.25241059093861,14.439627865769177,0,102,499
1,5,Spring,6,"(48.67, 14.5)",48.58619689941406,14.561509132385254,3,6,500
0,11,Fall,2,"(47.67, 14.0)",47.78469629195141,14.016932704364088,1,17,501
1,11,Fall,8,"(48.33, 14.25)",48.42706298828125,14.161806106567383,0,37,502
1,4,Spring,1,"(48.33, 14.75)",48.43539810180664,14.781949043273926,1,30,503
1,8,Summer,3,"(48.33, 14.5)",48.344451904296875,14.4420166015625,1,20,504
0,12,Winter,5,"(47.67, 13.5)",47.83054918283315,13.378840906524456,0,32,505
1,5,Spring,3,"(48.33, 14.5)",48.42821502685547,14.48453426361084,3,21,506
1,3,Spring,9,"(48.0, 13.75)",47.97472381591797,13.67065715789795,1,3,507
1,6,Summer,6,"(48.67, 14.5)",48.61591720581055,14.50361156463623,1,17,508
0,4,Spring,4,"(48.0, 14.0)",47.94502574715375,13.924957492110497,2,17,509
0,3,Spring,5,"(48.33, 13.25)",48.434939578271184,13.243229981505689,0,75,510
1,9,Fall,9,"(48.0, 13.5)",47.946353912353516,13.603560447692871,1,11,511
1,10,Fall,6,"(48.67, 14.5)",48.61591720581055,14.50361156463623,1,6,512
1,3,Spring,1,"(48.67, 15.0)",48.505306243896484,14.892853736877441,0,68,513
0,11,Fall,0,"(48.67, 14.0)",48.661744586821975,13.936367149637112,0,55,514
1,7,Summer,1,"(48.33, 14.75)",48.43539810180664,14.781949043273926,0,34,515
1,4,Spring,2,"(47.67, 14.25)",47.66461181640625,14.340187072753906,3,25,516
0,7,Summer,2,"(47.67, 14.25)",47.582935299025124,14.370556427977306,0,280,517
1,2,Winter,0,"(48.67, 14.0)",48.572303771972656,13.990815162658691,1,11,518
0,11,Fall,5,"(48.67, 13.25)",48.55354822558185,13.168933052603705,0,500,519
1,3,Spring,6,"(48.67, 14.5)",48.58619689941406,14.561509132385254,2,13,520
0,9,Fall,9,"(47.67, 13.75)",47.644658359855775,13.850555179442738,0,163,521
0,10,Fall,5,"(48.33, 13.5)",48.26501879893382,13.442007404226901,0,90,522
0,7,Summer,2,"(47.67, 14.25)",47.72839700613275,14.319663043069534,3,3,523
0,7,Summer,1,"(48.0, 14.75)",48.16558296795908,14.642135051910058,0,55,524
0,1,Winter,8,"(48.67, 14.25)",48.58028967603933,14.330224404619981,0,161,525
0,8,Summer,9,"(47.67, 13.75)",47.738704783028595,13.65724411104371,0,129,526
0,10,Fall,5,"(48.0, 13.25)",48.03493981413951,13.263067930186407,0,199,527
0,2,Winter,6,"(48.67, 14.75)",48.55821178127921,14.823645654352921,1,10,528
0,2,Winter,6,"(48.67, 15.0)",48.72664018073695,14.923368793328697,0,32,529
0,11,Fall,7,"(48.0, 14.75)",47.946171250351796,14.705900438149538,1,2,530
0,5,Spring,5,"(47.67, 13.0)",47.643308654226544,13.114774775367092,3,5,531
0,11,Fall,0,"(48.67, 14.0)",48.70821804715226,13.94975871837881,0,34,532
1,5,Spring,3,"(48.33, 14.5)",48.466644287109375,14.386953353881836,3,4,533
1,6,Summer,4,"(48.0, 13.75)",48.147300720214844,13.866778373718262,0,374,534
1,5,Spring,5,"(48.33, 13.5)",48.22140884399414,13.38154125213623,3,15,535
0,11,Fall,6,"(48.67, 14.5)",48.680101780664444,14.513300038451787,0,44,536
0,4,Spring,7,"(48.0, 14.5)",48.086876376965236,14.49007198009798,0,137,537
0,8,Summer,0,"(48.33, 14.0)",48.4739733648437,13.99114800765966,0,133,538
1,1,Winter,6,"(48.67, 14.75)",48.531654357910156,14.809042930603027,2,26,539
0,9,Fall,7,"(48.0, 14.5)",48.08523880611858,14.504040957085131,0,143,540
1,2,Winter,8,"(48.33, 14.25)",48.46451187133789,14.226265907287598,0,39,541
1,1,Winter,9,"(47.67, 13.75)",47.55802536010742,13.685288429260254,1,22,542
0,6,Summer,5,"(48.33, 13.0)",48.47826844830864,13.07350568428769,0,500,543
0,12,Winter,5,"(48.33, 13.25)",48.38908156862645,13.166337347995768,0,31,544
0,5,Spring,0,"(48.67, 13.25)",48.70694547823124,13.193982075268464,2,24,545
1,12,Winter,8,"(48.33, 14.25)",48.209075927734375,14.289260864257812,0,42,546
0,6,Summer,9,"(48.0, 13.5)",47.836682678316755,13.470110820075918,2,2,547
0,7,Summer,2,"(47.67, 14.25)",47.682103081246,14.34713669214952,0,288,548
0,12,Winter,5,"(48.33, 13.5)",48.21093578571379,13.457838382660187,0,275,549
1,12,Winter,2,"(48.0, 14.25)",47.89508819580078,14.230809211730957,2,2,550
1,3,Spring,0,"(48.67, 14.0)",48.54603958129883,13.905000686645508,0,50,551
0,10,Fall,5,"(48.0, 13.0)",48.1655055855112,13.10343843557941,0,87,552
0,6,Summer,2,"(48.0, 14.5)",47.94343825464738,14.400280580758947,0,144,553
1,5,Spring,8,"(48.33, 14.0)",48.2230110168457,14.09687614440918,1,25,554
1,3,Spring,2,"(48.0, 14.0)",47.891483306884766,14.031570434570312,2,1,555
0,2,Winter,0,"(48.67, 13.75)",48.64260283899251,13.782683844654827,2,4,556
0,10,Fall,4,"(48.33, 14.0)",48.21588634075896,14.000744466612302,1,10,557
0,10,Fall,3,"(48.33, 14.5)",48.26209560644151,14.410011312006196,2,15,558
0,1,Winter,0,"(48.33, 14.0)",48.48830900436001,14.004776786772585,1,3,559
1,3,Spring,1,"(48.33, 14.75)",48.312522888183594,14.76183795928955,1,18,560
1,7,Summer,0,"(48.67, 14.0)",48.577335357666016,13.888190269470215,0,78,561
0,8,Summer,7,"(48.0, 14.5)",48.06320130393427,14.458234977962348,0,56,562
0,4,Spring,2,"(47.67, 14.5)",47.65879220011329,14.397156902732968,1,24,563
0,8,Summer,8,"(48.67, 14.25)",48.52578776973914,14.269190655865064,0,40,564
1,11,Fall,1,"(48.33, 14.75)",48.26671600341797,14.807046890258789,9,1,565
0,1,Winter,2,"(48.0, 14.25)",48.05558531920051,14.136143167411621,0,38,566
1,11,Fall,2,"(48.0, 14.25)",47.88037872314453,14.13397216796875,0,68,567
0,12,Winter,4,"(48.0, 14.0)",48.101915323708894,13.92090222567097,1,27,568
0,3,Spring,8,"(48.67, 14.25)",48.71850317739105,14.330512116808212,1,7,569
1,11,Fall,6,"(48.33, 14.75)",48.47785949707031,14.726517677307129,1,11,570
0,8,Summer,7,"(48.0, 14.75)",48.01063976376962,14.759994310821233,4,12,571
1,6,Summer,0,"(48.67, 13.75)",48.5157470703125,13.697065353393555,0,500,572
1,12,Winter,2,"(48.0, 14.25)",47.88619613647461,14.257271766662598,3,1,573
1,5,Spring,4,"(48.33, 14.0)",48.23038864135742,13.919425010681152,2,27,574
0,11,Fall,2,"(47.67, 14.25)",47.78087350370628,14.250433812122877,0,310,575
0,2,Winter,2,"(47.67, 14.5)",47.79116073848816,14.377236056237898,3,10,576
0,10,Fall,9,"(47.67, 13.5)",47.75037501799705,13.438074091004346,0,57,577
1,9,Fall,2,"(47.67, 14.25)",47.7127571105957,14.225030899047852,0,476,578
0,12,Winter,1,"(48.33, 14.75)",48.20454132020166,14.687319331014756,1,22,579
1,11,Fall,9,"(47.67, 13.75)",47.55802536010742,13.685288429260254,0,138,580
1,5,Spring,5,"(48.0, 13.5)",48.02287292480469,13.430584907531738,4,8,581
0,12,Winter,3,"(48.33, 14.5)",48.1904637676183,14.382040795000316,0,176,582
0,11,Fall,9,"(47.67, 13.75)",47.62335229694645,13.871019283674624,1,7,583
1,5,Spring,1,"(48.33, 14.75)",48.40572738647461,14.83878231048584,5,7,584
1,12,Winter,1,"(48.33, 14.75)",48.43539810180664,14.781949043273926,0,85,585
1,1,Winter,4,"(48.33, 14.0)",48.241390228271484,13.914891242980957,0,39,586
0,3,Spring,0,"(48.67, 13.75)",48.51430256099899,13.643405306879316,0,500,587
1,1,Winter,9,"(48.0, 13.75)",47.844825744628906,13.790284156799316,2,6,588
1,11,Fall,4,"(48.33, 14.0)",48.241390228271484,13.914891242980957,0,47,589
0,8,Summer,7,"(47.67, 15.0)",47.584366760294735,14.947241228312485,2,22,590
1,4,Spring,3,"(48.33, 14.5)",48.318050384521484,14.472869873046875,1,19,591
0,4,Spring,5,"(48.33, 13.5)",48.25234338256158,13.480905666335579,3,0,592
0,5,Spring,7,"(48.0, 14.75)",48.06052313638647,14.869836506806266,0,209,593
0,6,Summer,0,"(48.33, 14.0)",48.44774226140164,13.875370834653596,2,2,594
0,3,Spring,1,"(48.33, 14.75)",48.47507626289209,14.780340134588757,5,7,595
0,8,Summer,5,"(48.0, 13.0)",47.89229852918425,13.056112434187755,0,87,596
0,5,Spring,9,"(47.67, 13.75)",47.561446492249296,13.665589791130111,0,35,597
1,12,Winter,8,"(48.33, 14.25)",48.30012512207031,14.266047477722168,0,52,598
1,7,Summer,8,"(48.33, 14.25)",48.305908203125,14.286197662353516,2,7,599
0,1,Winter,9,"(48.0, 13.5)",47.94237499232287,13.587785845557962,0,33,600
1,7,Summer,5,"(48.0, 13.0)",48.06752014160156,13.044207572937012,1,21,601
0,10,Fall,7,"(47.67, 14.75)",47.63554801424587,14.731486459553027,0,84,602
1,3,Spring,8,"(48.33, 14.25)",48.3791618347168,14.191792488098145,0,79,603
0,8,Summer,7,"(47.67, 14.5)",47.813115032998546,14.612323695404392,3,19,604
1,4,Spring,5,"(48.0, 13.25)",47.95217514038086,13.30579948425293,1,1,605
1,12,Winter,9,"(48.0, 13.5)",47.946353912353516,13.603560447692871,0,37,606
1,8,Summer,3,"(48.33, 14.5)",48.318050384521484,14.472869873046875,0,83,607
1,2,Winter,6,"(48.67, 14.5)",48.557640075683594,14.476459503173828,2,1,608
1,2,Winter,2,"(48.0, 14.25)",48.07186508178711,14.141493797302246,0,70,609
0,9,Fall,8,"(48.67, 14.25)",48.66325171331787,14.326035652973092,0,70,610
0,3,Spring,3,"(48.33, 14.25)",48.171003496681,14.3736424926653,1,10,611
0,3,Spring,5,"(47.67, 13.25)",47.77637240058055,13.261407051856901,0,500,612
0,8,Summer,0,"(48.67, 14.0)",48.7140057724887,13.89285139840138,1,16,613
1,3,Spring,6,"(48.33, 14.5)",48.418312072753906,14.612236022949219,1,1,614
1,5,Spring,4,"(48.0, 13.75)",48.095733642578125,13.659505844116211,4,21,615
0,6,Summer,9,"(47.67, 13.25)",47.62705781086543,13.315662626727644,2,3,616
0,11,Fall,4,"(48.0, 13.75)",48.08318568484419,13.849351446486233,0,43,617
1,3,Spring,3,"(48.33, 14.25)",48.35695266723633,14.348211288452148,6,1,618
1,5,Spring,8,"(48.33, 14.25)",48.43170166015625,14.300034523010254,4,9,619
0,4,Spring,7,"(48.0, 14.5)",48.078712722246046,14.553712167712922,0,195,620
0,12,Winter,1,"(48.33, 14.75)",48.30032532323789,14.679239662708165,11,3,621
1,10,Fall,3,"(48.33, 14.5)",48.40552520751953,14.41844654083252,1,15,622
0,3,Spring,6,"(48.67, 14.5)",48.636415920168844,14.583439640474765,5,1,623
0,8,Summer,9,"(47.67, 13.5)",47.765051614899775,13.515398278304453,0,53,624
1,4,Spring,3,"(48.33, 14.5)",48.25812911987305,14.46265983581543,1,19,625
0,12,Winter,8,"(48.33, 14.25)",48.37285867891811,14.142939216937199,1,27,626
1,3,Spring,2,"(48.0, 14.25)",47.88037872314453,14.13397216796875,0,118,627
0,12,Winter,7,"(47.67, 15.0)",47.58790097490149,14.932563849943248,1,7,628
1,3,Spring,3,"(48.33, 14.25)",48.35695266723633,14.348211288452148,6,1,629
0,8,Summer,5,"(48.33, 13.25)",48.412768385726295,13.194144159735751,0,100,630
1,5,Spring,5,"(48.0, 13.5)",48.13511276245117,13.42806339263916,2,4,631
1,5,Spring,0,"(48.33, 14.0)",48.44362258911133,13.935648918151855,2,22,632
1,7,Summer,7,"(48.0, 14.75)",47.89495849609375,14.724047660827637,0,31,633
0,7,Summer,7,"(48.0, 14.5)",48.1148656960276,14.598512286982489,1,10,634
1,10,Fall,1,"(48.33, 14.75)",48.43539810180664,14.781949043273926,3,6,635
0,10,Fall,5,"(48.33, 13.25)",48.34957264110946,13.294431586640263,1,22,636
0,6,Summer,5,"(47.67, 13.0)",47.62714164423403,13.122334401370935,0,88,637
1,11,Fall,9,"(48.0, 13.75)",47.91858673095703,13.800304412841797,0,45,638
1,6,Summer,1,"(48.33, 14.75)",48.43539810180664,14.781949043273926,2,8,639
1,11,Fall,4,"(48.0, 13.75)",48.05683898925781,13.698138236999512,0,492,640
0,4,Spring,3,"(48.33, 14.5)",48.3895860917599,14.393406580692801,8,1,641
0,12,Winter,5,"(48.33, 13.25)",48.176320181093715,13.223879870845426,1,28,642
0,1,Winter,1,"(48.33, 15.0)",48.362120527813595,14.897860772987773,2,27,643
1,12,Winter,3,"(48.33, 14.5)",48.47140121459961,14.540763854980469,1,26,644
0,1,Winter,4,"(48.0, 14.0)",48.156080291379034,13.958884798572013,0,38,645
1,12,Winter,0,"(48.67, 13.75)",48.73060989379883,13.834218978881836,0,41,646
1,6,Summer,8,"(48.33, 14.25)",48.351348876953125,14.161396980285645,3,2,647
0,3,Spring,2,"(47.67, 14.5)",47.596147282692776,14.453849475049129,3,16,648
0,11,Fall,5,"(48.0, 13.0)",47.881308390949876,13.107984633391272,1,10,649
0,2,Winter,0,"(48.67, 13.75)",48.57828333723014,13.657208672745336,1,15,650
1,9,Fall,6,"(48.67, 14.75)",48.531654357910156,14.809042930603027,0,59,651
1,11,Fall,7,"(48.0, 14.5)",47.88620376586914,14.550121307373047,0,83,652
1,4,Spring,8,"(48.33, 14.0)",48.30988693237305,14.00672721862793,4,2,653
0,5,Spring,0,"(48.33, 13.5)",48.355432705059584,13.618045805716342,0,65,654
0,8,Summer,8,"(48.67, 14.25)",48.51137084205648,14.258716888568777,2,18,655
0,4,Spring,0,"(48.33, 13.75)",48.470310872499326,13.629298008138468,0,52,656
1,11,Fall,7,"(48.0, 14.5)",47.937320709228516,14.607003211975098,0,127,657
0,9,Fall,7,"(47.67, 14.75)",47.7004285670785,14.824659536658645,0,86,658
1,5,Spring,4,"(48.0, 14.0)",48.15654754638672,14.024374961853027,3,9,659
1,1,Winter,6,"(48.67, 14.5)",48.58619689941406,14.561509132385254,1,11,660
0,1,Winter,8,"(48.33, 14.0)",48.20877321849641,14.077937051155878,0,185,661
0,10,Fall,9,"(48.0, 13.75)",47.99665160811592,13.72716693703618,0,39,662
1,9,Fall,3,"(48.33, 14.5)",48.318050384521484,14.472869873046875,1,22,663
1,2,Winter,6,"(48.67, 14.75)",48.531654357910156,14.809042930603027,0,44,664
1,2,Winter,1,"(48.33, 14.75)",48.227176666259766,14.855195045471191,3,9,665
0,1,Winter,3,"(48.67, 14.25)",48.59365628927307,14.35495785514844,0,192,666
0,9,Fall,4,"(48.0, 14.0)",47.94494656625003,13.924046754894336,2,14,667
1,7,Summer,9,"(47.67, 13.5)",47.80431365966797,13.488969802856445,0,394,668
0,5,Spring,5,"(48.0, 13.25)",47.882681269422676,13.302747710841581,2,13,669
0,1,Winter,0,"(48.67, 13.75)",48.63178066596853,13.798736912192632,0,214,670
0,12,Winter,5,"(48.0, 13.25)",48.015915066301616,13.321044412012752,0,37,671
0,2,Winter,0,"(48.67, 13.25)",48.6409855253067,13.282346164910692,1,16,672
0,9,Fall,7,"(48.0, 14.5)",48.02509561989789,14.573931812261545,0,52,673
1,4,Spring,7,"(48.0, 14.75)",47.89495849609375,14.724047660827637,0,91,674
0,1,Winter,0,"(48.67, 14.0)",48.67880971851929,14.067440523434792,0,251,675
1,4,Spring,8,"(48.33, 14.0)",48.41541290283203,14.03884506225586,2,3,676
1,3,Spring,3,"(48.33, 14.25)",48.21698760986328,14.351035118103027,8,11,677
0,11,Fall,0,"(48.33, 14.0)",48.4909431811455,13.96188144207221,1,13,678
1,3,Spring,9,"(48.0, 13.5)",47.9760856628418,13.600279808044434,2,5,679
0,11,Fall,2,"(47.67, 14.25)",47.80243601632371,14.165060751620974,0,298,680
0,4,Spring,4,"(48.33, 13.75)",48.18711754078312,13.858008713850458,2,14,681
0,1,Winter,7,"(48.0, 14.5)",47.96439077891906,14.541785380573234,1,14,682
1,5,Spring,0,"(48.33, 13.75)",48.406211853027344,13.761320114135742,0,66,683
1,3,Spring,0,"(48.67, 14.0)",48.54603958129883,13.905000686645508,0,35,684
1,4,Spring,0,"(48.67, 14.0)",48.590396881103516,14.03548812866211,2,18,685
1,6,Summer,9,"(48.0, 13.5)",47.9760856628418,13.600279808044434,0,50,686
0,12,Winter,5,"(48.0, 13.5)",47.966781949110285,13.434660727079851,1,17,687
1,7,Summer,6,"(48.67, 14.75)",48.531654357910156,14.809042930603027,1,17,688
0,7,Summer,7,"(47.67, 14.75)",47.63395305950631,14.630902036794595,0,73,689
0,10,Fall,4,"(48.0, 14.0)",48.05340154622248,13.887884177776824,0,59,690
1,8,Summer,3,"(48.33, 14.5)",48.488304138183594,14.411324501037598,1,21,691
1,6,Summer,3,"(48.33, 14.5)",48.442962646484375,14.5383882522583,4,5,692
0,11,Fall,2,"(47.67, 14.0)",47.70115083107833,14.068851826432274,2,0,693
0,4,Spring,5,"(48.0, 13.25)",47.89581229560898,13.207724577801471,0,67,694
0,1,Winter,4,"(48.0, 13.75)",48.11679498858194,13.630338665991292,0,60,695
0,7,Summer,1,"(48.33, 14.75)",48.32100393341329,14.724298092028638,0,89,696
0,8,Summer,8,"(48.33, 14.0)",48.189218450407644,14.112296563644891,0,112,697
0,3,Spring,2,"(47.67, 14.0)",47.77061207858319,14.021336196980211,0,93,698
1,3,Spring,3,"(48.33, 14.5)",48.331295013427734,14.622075080871582,1,16,699
1,11,Fall,2,"(48.0, 14.5)",47.925968170166016,14.432231903076172,2,11,700
1,4,Spring,1,"(48.33, 14.75)",48.34822463989258,14.7565279006958,1,12,701
1,10,Fall,6,"(48.67, 14.75)",48.531654357910156,14.809042930603027,1,12,702
0,5,Spring,4,"(48.33, 13.75)",48.24059158747314,13.67620630488209,0,350,703
1,4,Spring,5,"(48.33, 13.5)",48.260826110839844,13.416903495788574,0,104,704
0,8,Summer,5,"(48.0, 13.25)",48.11984289005382,13.320481659065782,2,5,705
0,5,Spring,5,"(48.33, 13.5)",48.35533700246951,13.522676794197409,4,6,706
0,3,Spring,0,"(48.33, 13.75)",48.47636802325782,13.630680678680331,0,31,707
1,3,Spring,3,"(48.33, 14.5)",48.331295013427734,14.622075080871582,3,3,708
0,12,Winter,9,"(47.67, 13.5)",47.73150394873553,13.539421348452086,0,56,709
1,2,Winter,0,"(48.33, 14.0)",48.44269561767578,13.950780868530273,0,34,710
0,6,Summer,1,"(48.0, 15.0)",48.075962413658445,14.932470000928253,0,500,711
0,1,Winter,9,"(47.67, 13.75)",47.680088385997934,13.79618606198789,2,9,712
0,10,Fall,0,"(48.67, 13.75)",48.55498829058248,13.859450611470994,2,10,713
0,2,Winter,0,"(48.67, 13.75)",48.5617060525634,13.823847708418047,0,39,714
1,12,Winter,1,"(48.33, 15.0)",48.273353576660156,14.948308944702148,0,216,715
0,8,Summer,3,"(48.0, 14.5)",48.115905047553625,14.453696472849767,2,9,716
0,11,Fall,7,"(47.67, 14.75)",47.771762152590036,14.864966676834559,2,12,717
1,7,Summer,8,"(48.33, 14.25)",48.305908203125,14.286197662353516,1,8,718
1,3,Spring,1,"(48.33, 14.75)",48.43539810180664,14.781949043273926,5,3,719
0,3,Spring,2,"(48.0, 14.25)",48.08138271371492,14.195529116684503,3,16,720
1,7,Summer,3,"(48.33, 14.5)",48.442962646484375,14.5383882522583,0,500,721
0,3,Spring,4,"(48.33, 13.75)",48.19747672468214,13.723779951041854,0,242,722
0,9,Fall,5,"(48.0, 13.0)",48.11824073192904,13.11721738794133,0,54,723
0,12,Winter,5,"(48.33, 13.5)",48.19909182900873,13.509104077838606,0,274,724
1,4,Spring,6,"(48.67, 14.5)",48.61591720581055,14.50361156463623,0,52,725
1,3,Spring,1,"(48.33, 14.75)",48.2672004699707,14.713226318359375,2,1,726
0,8,Summer,2,"(48.0, 14.25)",48.04896524729876,14.26491115106293,0,438,727
1,5,Spring,2,"(47.67, 14.25)",47.7127571105957,14.225030899047852,0,500,728
0,9,Fall,9,"(47.67, 13.75)",47.6805742483498,13.747670046273832,1,26,729
0,3,Spring,6,"(48.67, 14.75)",48.57818776167281,14.645864751573683,2,12,730
0,1,Winter,5,"(47.67, 13.0)",47.803264624608474,13.065631977932503,0,32,731
1,4,Spring,8,"(48.67, 14.25)",48.55184555053711,14.218729019165039,2,15,732
1,3,Spring,6,"(48.67, 14.75)",48.531654357910156,14.809042930603027,2,13,733
1,3,Spring,4,"(48.33, 13.75)",48.23501205444336,13.826191902160645,0,78,734
0,5,Spring,4,"(48.33, 13.75)",48.295611170939345,13.817309333218907,4,12,735
0,7,Summer,0,"(48.67, 14.0)",48.71724871006072,14.094548121838516,1,1,736
0,1,Winter,9,"(47.67, 13.5)",47.705473524192556,13.511573824537473,2,22,737
1,1,Winter,1,"(48.33, 14.75)",48.34822463989258,14.7565279006958,5,2,738
0,10,Fall,2,"(47.67, 14.0)",47.71887242624158,14.078833250894942,1,14,739
1,5,Spring,7,"(48.0, 14.75)",47.89495849609375,14.724047660827637,0,197,740
0,5,Spring,8,"(48.67, 14.25)",48.55737702227063,14.220297325726238,0,309,741
0,11,Fall,2,"(47.67, 14.0)",47.57779270724995,14.00302700014579,1,1,742
1,3,Spring,6,"(48.33, 14.75)",48.47785949707031,14.726517677307129,2,26,743
0,7,Summer,8,"(48.33, 14.25)",48.40948599333941,14.253739387595243,1,8,744
1,7,Summer,6,"(48.33, 14.75)",48.443565368652344,14.677597045898438,0,36,745
1,3,Spring,3,"(48.33, 14.5)",48.331295013427734,14.622075080871582,9,9,746
0,3,Spring,5,"(48.33, 13.5)",48.387668437098164,13.509036690169157,0,89,747
1,5,Spring,4,"(48.0, 13.75)",48.14387130737305,13.735146522521973,3,3,748
0,6,Summer,5,"(48.0, 13.25)",47.9670108429092,13.148834421461602,1,21,749
0,6,Summer,2,"(48.0, 14.0)",47.93735626239508,14.052864807792014,0,142,750
1,3,Spring,3,"(48.33, 14.5)",48.40552520751953,14.41844654083252,1,21,751
1,2,Winter,6,"(48.67, 14.5)",48.58619689941406,14.561509132385254,6,1,752
1,5,Spring,6,"(48.67, 14.75)",48.56035614013672,14.644402503967285,5,1,753
0,3,Spring,5,"(48.0, 13.5)",48.11746312899779,13.51017216282747,0,86,754
1,7,Summer,8,"(48.33, 14.25)",48.351348876953125,14.161396980285645,2,26,755
1,2,Winter,1,"(48.33, 14.75)",48.34822463989258,14.7565279006958,2,1,756
1,5,Spring,8,"(48.33, 14.25)",48.305908203125,14.286197662353516,1,9,757
1,3,Spring,6,"(48.33, 14.75)",48.443565368652344,14.677597045898438,2,13,758
0,9,Fall,0,"(48.67, 13.75)",48.56687570774396,13.658008247928809,0,87,759
0,7,Summer,8,"(48.67, 14.25)",48.58541425159463,14.337274373854695,2,1,760
0,11,Fall,3,"(48.33, 14.5)",48.361724916211934,14.563299874898636,2,14,761
0,12,Winter,5,"(48.0, 13.25)",48.11107205846253,13.287653770382038,1,28,762
1,2,Winter,3,"(48.33, 14.5)",48.47140121459961,14.540763854980469,0,187,763
1,9,Fall,2,"(48.0, 14.25)",47.88619613647461,14.257271766662598,0,48,764
1,2,Winter,8,"(48.33, 14.25)",48.27933120727539,14.248745918273926,1,4,765
0,8,Summer,7,"(47.67, 14.5)",47.772492604082245,14.46616317050735,0,30,766
1,12,Winter,1,"(48.33, 14.75)",48.43539810180664,14.781949043273926,5,1,767
1,5,Spring,6,"(48.67, 14.75)",48.531654357910156,14.809042930603027,3,7,768
0,7,Summer,9,"(47.67, 13.75)",47.70431653744104,13.682926676128115,0,209,769
0,3,Spring,0,"(48.67, 13.5)",48.66058463236765,13.5022982178926,0,35,770
0,10,Fall,8,"(48.67, 14.25)",48.55219169086943,14.285587101704444,0,172,771
0,7,Summer,4,"(48.0, 14.0)",48.07962358665445,13.907216560515103,0,371,772
1,3,Spring,0,"(48.67, 13.75)",48.55284881591797,13.770484924316406,0,89,773
0,3,Spring,2,"(48.0, 14.25)",48.086694302905016,14.33003761391689,0,108,774
1,3,Spring,0,"(48.67, 14.0)",48.644813537597656,13.96917724609375,0,89,775
0,9,Fall,1,"(48.33, 14.75)",48.32816845731781,14.724754704254202,0,142,776
1,11,Fall,1,"(48.33, 14.75)",48.319297790527344,14.81700611114502,8,5,777
1,7,Summer,2,"(48.0, 14.25)",47.88619613647461,14.257271766662598,0,97,778
0,4,Spring,0,"(48.67, 14.0)",48.50922415188742,13.99569627691026,2,3,779
1,4,Spring,1,"(48.33, 14.75)",48.34822463989258,14.7565279006958,3,4,780
1,5,Spring,1,"(48.33, 14.75)",48.312522888183594,14.76183795928955,2,16,781
0,4,Spring,5,"(48.0, 13.5)",47.86073278713939,13.413624910551565,0,500,782
0,10,Fall,7,"(47.67, 14.5)",47.76715365493522,14.575911179748534,0,98,783
1,11,Fall,4,"(48.33, 13.75)",48.172584533691406,13.766887664794922,1,15,784
0,11,Fall,3,"(48.67, 14.5)",48.58038660447629,14.431852651496387,0,245,785
1,1,Winter,0,"(48.67, 14.0)",48.60283660888672,13.945404052734375,0,276,786
1,4,Spring,0,"(48.67, 14.0)",48.644813537597656,13.96917724609375,1,11,787
1,10,Fall,6,"(48.67, 14.5)",48.61591720581055,14.50361156463623,1,6,788
1,12,Winter,6,"(48.67, 14.75)",48.531654357910156,14.809042930603027,2,1,789
1,2,Winter,1,"(48.33, 14.75)",48.39420700073242,14.729105949401855,4,2,790
0,11,Fall,2,"(48.0, 14.25)",47.98579546098425,14.290014395544473,3,1,791
0,3,Spring,9,"(48.0, 13.75)",47.88943469738976,13.821303950348383,0,83,792
0,2,Winter,1,"(48.33, 14.75)",48.22633042164625,14.816821847545958,0,500,793
1,1,Winter,0,"(48.33, 14.0)",48.409820556640625,13.916598320007324,0,104,794
1,5,Spring,5,"(48.0, 13.5)",48.068031311035156,13.492144584655762,0,73,795
0,10,Fall,0,"(48.33, 13.75)",48.347912389566304,13.785188414151216,2,12,796
1,2,Winter,6,"(48.67, 14.75)",48.56035614013672,14.644402503967285,1,22,797
1,5,Spring,7,"(48.0, 14.5)",47.926025390625,14.470599174499512,0,173,798
0,6,Summer,1,"(48.33, 14.75)",48.47074554550998,14.873415937664669,0,48,799
1,2,Winter,2,"(48.0, 14.0)",47.98931884765625,14.11867904663086,2,8,800
0,4,Spring,8,"(48.67, 14.25)",48.53846046758053,14.163543771235954,5,3,801
0,8,Summer,1,"(48.33, 14.75)",48.39083952275677,14.64227305414635,0,98,802
1,11,Fall,1,"(48.33, 14.75)",48.40572738647461,14.83878231048584,7,5,803
1,9,Fall,1,"(48.33, 14.75)",48.43539810180664,14.781949043273926,3,8,804
0,11,Fall,5,"(48.0, 13.0)",47.870613868932246,13.049502493683706,1,1,805
1,7,Summer,4,"(48.33, 14.0)",48.25410842895508,13.883688926696777,0,32,806
1,2,Winter,6,"(48.67, 14.5)",48.61591720581055,14.50361156463623,0,81,807
0,6,Summer,4,"(48.33, 13.75)",48.28774264609896,13.870810988173071,3,7,808
0,1,Winter,5,"(48.0, 13.25)",48.15520550226067,13.201596964919299,2,11,809
1,6,Summer,6,"(48.67, 14.75)",48.56035614013672,14.644402503967285,9,5,810
0,7,Summer,5,"(48.67, 13.0)",48.536494717472706,13.06465256026678,0,109,811
0,1,Winter,7,"(47.67, 14.75)",47.59780973207945,14.810135228629731,0,82,812
0,2,Winter,9,"(47.67, 13.5)",47.579710261201946,13.577243178519947,0,41,813
0,7,Summer,6,"(48.67, 14.75)",48.629318585335724,14.788823618305734,1,21,814
1,4,Spring,3,"(48.33, 14.5)",48.40552520751953,14.41844654083252,7,10,815
0,7,Summer,2,"(47.67, 14.25)",47.566694593229485,14.349341955289844,0,288,816
0,9,Fall,0,"(48.67, 13.75)",48.567121807052295,13.800229455473756,0,73,817
0,2,Winter,9,"(47.67, 13.5)",47.62763159378004,13.448618476485882,0,267,818
1,8,Summer,7,"(48.0, 14.75)",47.85725784301758,14.66356086730957,3,7,819
1,9,Fall,3,"(48.33, 14.5)",48.442962646484375,14.5383882522583,1,12,820
1,5,Spring,3,"(48.33, 14.5)",48.331295013427734,14.622075080871582,4,2,821
0,2,Winter,0,"(48.67, 13.75)",48.56067463800274,13.639727671876644,1,10,822
1,11,Fall,3,"(48.33, 14.5)",48.331295013427734,14.622075080871582,0,31,823
0,7,Summer,5,"(48.0, 13.25)",47.94996128086043,13.149592881596911,0,58,824
1,4,Spring,9,"(48.0, 13.5)",47.914390563964844,13.535609245300293,0,135,825
1,5,Spring,6,"(48.67, 14.5)",48.61591720581055,14.50361156463623,4,9,826
0,8,Summer,8,"(48.33, 14.0)",48.18119227784713,14.087448312356775,0,118,827
0,4,Spring,8,"(48.67, 14.25)",48.52694678782613,14.182967189931599,2,3,828
1,4,Spring,0,"(48.33, 13.75)",48.46249008178711,13.640299797058105,3,22,829
0,12,Winter,4,"(48.0, 13.75)",48.04128968270789,13.824639889403652,1,24,830
1,5,Spring,3,"(48.67, 14.5)",48.54345703125,14.384981155395508,2,17,831
0,3,Spring,1,"(48.33, 14.75)",48.18511728187244,14.67859923751317,0,500,832
1,5,Spring,6,"(48.33, 14.75)",48.443565368652344,14.677597045898438,5,2,833
0,11,Fall,9,"(48.0, 13.75)",47.925490597968626,13.764772668142184,0,128,834
0,3,Spring,2,"(48.0, 14.5)",47.88580621735504,14.4243429366627,0,92,835
0,4,Spring,0,"(48.67, 13.75)",48.55360586357311,13.6557666587389,0,53,836
1,4,Spring,6,"(48.67, 14.75)",48.531654357910156,14.809042930603027,3,17,837
1,2,Winter,6,"(48.67, 14.75)",48.56035614013672,14.644402503967285,1,22,838
0,3,Spring,2,"(47.67, 14.25)",47.79705445465549,14.307156333151585,0,116,839
1,10,Fall,6,"(48.33, 14.75)",48.47785949707031,14.726517677307129,0,86,840
1,3,Spring,8,"(48.67, 14.25)",48.55184555053711,14.218729019165039,0,39,841
1,12,Winter,9,"(47.67, 13.75)",47.81223678588867,13.77416706085205,0,70,842
1,4,Spring,9,"(48.0, 13.5)",47.9760856628418,13.600279808044434,2,25,843
0,5,Spring,2,"(47.67, 14.0)",47.77310775401911,13.993025352687644,0,43,844
1,1,Winter,8,"(48.33, 14.0)",48.4714241027832,14.044130325317383,1,16,845
0,1,Winter,7,"(47.67, 14.5)",47.78518727254264,14.464170125691016,0,83,846
0,11,Fall,8,"(48.67, 14.25)",48.663808812766455,14.32299458605975,0,36,847
0,5,Spring,0,"(48.33, 13.5)",48.44665808811875,13.58416359761,0,65,848
1,12,Winter,1,"(48.33, 14.75)",48.43539810180664,14.781949043273926,2,7,849
0,7,Summer,9,"(47.67, 13.5)",47.663003485215015,13.524585125085196,0,92,850
1,9,Fall,1,"(48.33, 14.75)",48.43539810180664,14.781949043273926,1,19,851
1,10,Fall,8,"(48.33, 14.0)",48.2877197265625,14.107112884521484,1,8,852
1,2,Winter,5,"(48.0, 13.5)",48.15569305419922,13.561890602111816,0,52,853
0,9,Fall,7,"(47.67, 14.75)",47.83308845259195,14.862153019667865,0,154,854
1,5,Spring,8,"(48.67, 14.25)",48.52265167236328,14.293068885803223,2,6,855
1,9,Fall,6,"(48.67, 14.5)",48.61591720581055,14.50361156463623,0,34,856
0,3,Spring,9,"(48.0, 13.75)",47.97518685732424,13.645057366460243,0,91,857
1,10,Fall,1,"(48.33, 14.75)",48.34822463989258,14.7565279006958,0,500,858
1,7,Summer,8,"(48.67, 14.25)",48.542667388916016,14.14220905303955,0,500,859
0,8,Summer,8,"(48.67, 14.25)",48.64508731650653,14.244125373007169,0,387,860
1,10,Fall,2,"(47.67, 14.25)",47.66461181640625,14.340187072753906,1,29,861
1,5,Spring,1,"(48.33, 15.0)",48.273353576660156,14.948308944702148,1,21,862
0,1,Winter,5,"(48.33, 13.0)",48.318235674126846,13.109147639687045,1,21,863
1,2,Winter,3,"(48.33, 14.25)",48.21698760986328,14.351035118103027,4,10,864
1,1,Winter,5,"(48.0, 13.5)",48.08156967163086,13.468873977661133,0,60,865
0,9,Fall,8,"(48.33, 14.0)",48.29548846987058,14.066140486742336,0,134,866
1,3,Spring,4,"(48.33, 13.75)",48.28852462768555,13.831615447998047,1,8,867
1,10,Fall,2,"(47.67, 14.5)",47.713134765625,14.388224601745605,0,37,868
0,9,Fall,8,"(48.33, 14.0)",48.49143044089361,14.05458191771951,0,417,869
0,2,Winter,7,"(47.67, 14.5)",47.58089833176657,14.526066101895085,0,132,870
1,12,Winter,1,"(48.33, 14.75)",48.43539810180664,14.781949043273926,10,5,871
0,2,Winter,2,"(47.67, 14.0)",47.57490782097248,14.033339383144323,3,5,872
1,3,Spring,6,"(48.67, 14.75)",48.531654357910156,14.809042930603027,4,11,873
0,4,Spring,4,"(48.0, 14.0)",48.039090873475615,13.915803827625469,3,10,874
0,10,Fall,0,"(48.67, 13.5)",48.65672367236843,13.471437763409076,1,16,875
0,1,Winter,5,"(48.0, 13.5)",47.958322975666654,13.428803550052102,2,15,876
0,6,Summer,5,"(47.67, 13.25)",47.61690409996367,13.20996114690315,0,34,877
0,2,Winter,7,"(47.67, 15.0)",47.807676256062074,14.899459720479548,0,89,878
0,5,Spring,2,"(47.67, 14.0)",47.62718110501394,14.117846003307644,0,50,879
1,5,Spring,4,"(48.0, 13.75)",48.03562927246094,13.72360610961914,3,2,880
0,4,Spring,5,"(48.33, 13.5)",48.381259137000264,13.465083266533405,3,5,881
1,4,Spring,3,"(48.33, 14.5)",48.251285552978516,14.482098579406738,5,1,882
